P@1,HR@1,R@1,NDCG@1,P@2,HR@2,R@2,NDCG@2,P@3,HR@3,R@3,NDCG@3,P@4,HR@4,R@4,NDCG@4,P@5,HR@5,R@5,NDCG@5,P@6,HR@6,R@6,NDCG@6,P@7,HR@7,R@7,NDCG@7,P@8,HR@8,R@8,NDCG@8,P@9,HR@9,R@9,NDCG@9,P@10,HR@10,R@10,NDCG@10,P@11,HR@11,R@11,NDCG@11,P@12,HR@12,R@12,NDCG@12,P@13,HR@13,R@13,NDCG@13,P@14,HR@14,R@14,NDCG@14,P@15,HR@15,R@15,NDCG@15,P@16,HR@16,R@16,NDCG@16,P@17,HR@17,R@17,NDCG@17,P@18,HR@18,R@18,NDCG@18,P@19,HR@19,R@19,NDCG@19,P@20,HR@20,R@20,NDCG@20,method
0.0,0.0,0.0,0.0,0.5,1.0,0.03125,0.38685280723454163,0.3333333333333333,1.0,0.03125,0.2960819109658652,0.25,1.0,0.03125,0.24630238874073,0.2,1.0,0.03125,0.21398626473452756,0.3333333333333333,1.0,0.0625,0.2987100207034456,0.2857142857142857,1.0,0.0625,0.27134058233820724,0.25,1.0,0.0625,0.249689085777264,0.2222222222222222,1.0,0.0625,0.23202214456934253,0.2,1.0,0.0625,0.21726071285222986,0.18181818181818182,1.0,0.0625,0.20469392912636045,0.16666666666666666,1.0,0.0625,0.19383217202304812,0.15384615384615385,1.0,0.0625,0.18432587460832503,0.14285714285714285,1.0,0.0625,0.17591796855744593,0.13333333333333333,1.0,0.0625,0.16841466178325942,0.125,1.0,0.0625,0.16166675019515067,0.11764705882352941,1.0,0.0625,0.15555725495720263,0.1111111111111111,1.0,0.0625,0.14999300322263964,0.10526315789473684,1.0,0.0625,0.14489874808041192,0.1,1.0,0.0625,0.1402129701779605,rrf_llm_working3
0.0,0.0,0.0,0.0,0.0,0.0,0.0,0.0,0.0,0.0,0.0,0.0,0.0,0.0,0.0,0.0,0.0,0.0,0.0,0.0,0.0,0.0,0.0,0.0,0.14285714285714285,1.0,0.0625,0.09162544430476362,0.125,1.0,0.0625,0.0843142342558857,0.1111111111111111,1.0,0.0625,0.07834851647149511,0.1,1.0,0.0625,0.07336392209936005,0.09090909090909091,1.0,0.0625,0.06912040963822193,0.08333333333333333,1.0,0.0625,0.06545264526642976,0.07692307692307693,1.0,0.0625,0.062242588308449316,0.07142857142857142,1.0,0.0625,0.05940343273155045,0.06666666666666667,1.0,0.0625,0.056869739426201577,0.0625,1.0,0.0625,0.05459112561892713,0.058823529411764705,1.0,0.0625,0.05459112561892713,0.05555555555555555,1.0,0.0625,0.05459112561892713,0.05263157894736842,1.0,0.0625,0.05459112561892713,0.05,1.0,0.0625,0.05459112561892713,rrf_llm_working3
